{
  "experts": [
    "nws_nbm",
    "ecmwf_ifs",
    "ecmwf_aifs",
    "gfs"
  ],
  "eta": 0.1743116001370929,
  "alpha": 0.02,
  "l_max": 20.0,
  "regions": {
    "KSEA": {
      "w": [
        0.24805869854007706,
        0.24511096242667302,
        0.2544977038064904,
        0.2523326352267595
      ],
      "n": 1,
      "cum_loss": [
        0.15,
        0.22000000000000028,
        0.0,
        0.05
      ],
      "cum_blend": 0.14000000000000057
    },
    "KSFO": {
      "w": [
        0.25998004713685957,
        0.23788464927815317,
        0.26221205864641306,
        0.23992324493857425
      ],
      "n": 1,
      "cum_loss": [
        0.05,
        0.57,
        0.0,
        0.5199999999999999
      ],
      "cum_blend": 0.38000000000000006
    },
    "KPHX": {
      "w": [
        0.2491393153926553,
        0.24892662651785163,
        0.2534322536128694,
        0.24850180447662368
      ],
      "n": 1,
      "cum_loss": [
        0.1,
        0.10499999999999972,
        0.0,
        0.11499999999999985
      ],
      "cum_blend": 0.04000000000000057
    },
    "KLAX": {
      "w": [
        0.2531646777616402,
        0.24134327446192438,
        0.2553370297681927,
        0.2501550180082427
      ],
      "n": 1,
      "cum_loss": [
        0.05,
        0.32999999999999974,
        0.0,
        0.12000000000000029
      ],
      "cum_blend": 0.16666666666666713
    },
    "KNYC": {
      "w": [
        0.2507903839208788,
        0.24993499352952064,
        0.2529419521396834,
        0.2463326704099172
      ],
      "n": 1,
      "cum_loss": [
        0.05,
        0.07000000000000028,
        0.0,
        0.15499999999999972
      ],
      "cum_blend": 0.05833333333333357
    },
    "KLAS": {
      "w": [
        0.2555471077148865,
        0.24633112752001785,
        0.2555471077148865,
        0.24257465705020928
      ],
      "n": 1,
      "cum_loss": [
        0.0,
        0.21499999999999986,
        0.0,
        0.3049999999999997
      ],
      "cum_blend": 0.17333333333333414
    },
    "KMIA": {
      "w": [
        0.25051508145690154,
        0.24711515230000755,
        0.25483221110531634,
        0.2475375551377745
      ],
      "n": 1,
      "cum_loss": [
        0.1,
        0.17999999999999972,
        0.0,
        0.1700000000000003
      ],
      "cum_blend": 0.08333333333333356
    },
    "KAUS": {
      "w": [
        0.24994139902837798,
        0.2503687326382464,
        0.25208553551253204,
        0.24760433282084351
      ],
      "n": 1,
      "cum_loss": [
        0.05,
        0.039999999999999855,
        0.0,
        0.10499999999999972
      ],
      "cum_blend": 0.03833333333333329
    },
    "KDCA": {
      "w": [
        0.25132184639637717,
        0.2458028361738381,
        0.25347806686297736,
        0.24939725056680734
      ],
      "n": 1,
      "cum_loss": [
        0.05,
        0.17999999999999972,
        0.0,
        0.09500000000000028
      ],
      "cum_blend": 0.10833333333333357
    },
    "KMSY": {
      "w": [
        0.25170524848378906,
        0.24659841510772723,
        0.25170524848378906,
        0.2499910879246946
      ],
      "n": 1,
      "cum_loss": [
        0.0,
        0.12000000000000029,
        0.0,
        0.039999999999999855
      ],
      "cum_blend": 0.05333333333333314
    },
    "KDEN": {
      "w": [
        0.24829227486845146,
        0.2489292372160126,
        0.2525703187541149,
        0.25020816916142097
      ],
      "n": 1,
      "cum_loss": [
        0.1,
        0.08500000000000014,
        0.0,
        0.054999999999999716
      ],
      "cum_blend": 0.023333333333333428
    },
    "KMDW": {
      "w": [
        0.25122685492301866,
        0.2478170690219027,
        0.25122685492301866,
        0.24972922113205986
      ],
      "n": 1,
      "cum_loss": [
        0.0,
        0.07999999999999971,
        0.0,
        0.03500000000000014
      ],
      "cum_blend": 0.014999999999999857
    }
  }
}